[Reads],,,,,,,,,,
101,,,,,,,,,,
101,,,,,,,,,,
,,,,,,,,,,
[Settings],,,,,,,,,,
Adapter,AGATCGGAAGAGCACACGTCTGAACTCCAGTCA,,,,,,,,,
AdapterRead2,AGATCGGAAGAGCGTCGTGTAGGGAAAGAGTGT,,,,,,,,,
,,,,,,,,,,
[Data],,,,,,,,,,
Sample_ID,Sample_Name,Sample_Plate,Sample_Well,Index_Plate_Well,I7_Index_ID,index,I5_Index_ID,index2,Sample_Project,Description
CDB31,sample_31,CTGpl_045,A02,A04,UDI0025,ACTAAGAT,UDI0025,AACCGCGG,2020_68,PCR15_CTGpool_0112
CBD40,sample_40,CTGpl_045,B02,B04,UDI0026,GTCGGAGC,UDI0026,GGTTATAA,2020_68,PCR15_CTGpool_0112
CBD8,sample_8,CTGpl_045,C02,C04,UDI0027,CTTGGTAT,UDI0027,CCAAGTCC,2020_68,PCR15_CTGpool_0112
CBD48,sample_48,CTGpl_045,D02,D04,UDI0028,TCCAACGC,UDI0028,TTGGACTT,2020_68,PCR15_CTGpool_0112
CBD16,sample_16,CTGpl_045,E02,E04,UDI0029,CCGTGAAG,UDI0029,CAGTGGAT,2020_68,PCR15_CTGpool_0112
CBD51,sample_51,CTGpl_045,F02,F04,UDI0030,TTACAGGA,UDI0030,TGACAAGC,2020_68,PCR15_CTGpool_0112
CBD3,sample_3,CTGpl_045,A03,G04,UDI0031,GGCATTCT,UDI0031,CTAGCTTG,2020_68,PCR15_CTGpool_0112
CBD9,sample_9,CTGpl_045,B03,A05,UDI0033,TACCGAGG,UDI0033,CCTGAACT,2020_68,PCR16_CTGpool_0112
CBD13,sample_13,CTGpl_045,C03,B05,UDI0034,CGTTAGAA,UDI0034,TTCAGGTC,2020_68,PCR16_CTGpool_0112
CBD27,sample_27,CTGpl_045,D03,C05,UDI0035,AGCCTCAT,UDI0035,AGTAGAGA,2020_68,PCR16_CTGpool_0112
CBD14,sample_14,CTGpl_045,E03,D05,UDI0036,GATTCTGC,UDI0036,GACGAGAG,2020_68,PCR16_CTGpool_0112
CBD18,sample_18,CTGpl_045,F03,E05,UDI0037,TCGTAGTG,UDI0037,AGACTTGG,2020_68,PCR16_CTGpool_0112
CBD19,sample_19,CTGpl_045,G03,F05,UDI0038,CTACGACA,UDI0038,GAGTCCAA,2020_68,PCR16_CTGpool_0112