[Header],,,,,,,,,,
IEMFileVersion,5,,,,,,,,,
Investigator Name,Mix,,,,,,,,,
Experiment Name,CTGpl_051_R1,,,,,,,,,
Date,10/12/2020,,,,,,,,,
Workflow,GenerateFASTQ,,,,,,,,,
Application,NovaSeq FASTQ Only,,,,,,,,,
Instrument Type,NovaSeq,,,,,,,,,
Assay,SMARTer Stranded totRNA,,,,,,,,,
Index Adapters,IDT-ILMN TruSeq RNA UD Indexes (96 Indexes),,,,,,,,,
Description,totRNAseq_UPID9_11 leukemia samples,,,,,,,,,
Chemistry,Amplicon,,,,,,,,,
,,,,,,,,,,
[Reads],,,,,,,,,,
102,,,,,,,,,,
102,,,,,,,,,,
,,,,,,,,,,
[Settings],,,,,,,,,,
Adapter,AGATCGGAAGAGCACACGTCTGAACTCCAGTCA,,,,,,,,,
AdapterRead2,AGATCGGAAGAGCGTCGTGTAGGGAAAGAGTGT,,,,,,,,,
,,,,,,,,,,
[Data],,,,,,,,,,
Sample_ID,Sample_Name,Sample_Plate,Sample_Well,Index_Plate_Well,I7_Index_ID,index,I5_Index_ID,index2,Sample_Project,Description
2144_03,HeH_UPID_1,CTGpl_051,A01,A01,UDI0001,CCGCGGTT,UDI0001,CTAGCGCT,2020_124,SMARTer_totRNASeq_CTGpool_0126
1051_98,HeH_2,CTGpl_051,A02,A02,UDI0009,AGTTCAGG,UDI0009,TCTGTTGG,2020_124,SMARTer_totRNASeq_CTGpool_0126
6404_13,HeH_10,CTGpl_051,A03,A03,UDI0017,TAATACAG,UDI0017,GTGAATAT,2020_124,SMARTer_totRNASeq_CTGpool_0126
1885_06,HeH_17,CTGpl_051,A04,A04,UDI0025,ACTAAGAT,UDI0025,CCGCGGTT,2020_124,SMARTer_totRNASeq_CTGpool_0126
3311_03,12_21_4,CTGpl_051,A05,A05,UDI0033,TACCGAGG,UDI0033,AGTTCAGG,2020_124,SMARTer_totRNASeq_CTGpool_0126
734_01,HeH_UPID_2,CTGpl_051,B01,B01,UDI0002,TTATAACC,UDI0002,TCGATATC,2020_124,SMARTer_totRNASeq_CTGpool_0126
2079_05,HeH_3,CTGpl_051,B02,B02,UDI0010,GACCTGAA,UDI0010,CTCACCAA,2020_124,SMARTer_totRNASeq_CTGpool_0126
3315_17,HeH_11,CTGpl_051,B03,B03,UDI0018,CGGCGTGA,UDI0018,ACAGGCGC,2020_124,SMARTer_totRNASeq_CTGpool_0126
2966_05,HeH_18,CTGpl_051,B04,B04,UDI0026,GTCGGAGC,UDI0026,TTATAACC,2020_124,SMARTer_totRNASeq_CTGpool_0126
3565_03,12_21_5,CTGpl_051,B05,B05,UDI0034,CGTTAGAA,UDI0034,GACCTGAA,2020_124,SMARTer_totRNASeq_CTGpool_0126
8236_14,HeH_UPID_3,CTGpl_051,C01,C01,UDI0003,GGACTTGG,UDI0003,CGTCTGCG,2020_124,SMARTer_totRNASeq_CTGpool_0126
3309_04,HeH_4,CTGpl_051,C02,C02,UDI0011,TCTCTACT,UDI0011,GAACCGCG,2020_124,SMARTer_totRNASeq_CTGpool_0126
4069_17,HeH_12,CTGpl_051,C03,C03,UDI0019,ATGTAAGT,UDI0019,CATAGAGT,2020_124,SMARTer_totRNASeq_CTGpool_0126
6080_11,HeH_19,CTGpl_051,C04,C04,UDI0027,CTTGGTAT,UDI0027,GGACTTGG,2020_124,SMARTer_totRNASeq_CTGpool_0126
1568_04,12_21_6,CTGpl_051,C05,C05,UDI0035,AGCCTCAT,UDI0035,TCTCTACT,2020_124,SMARTer_totRNASeq_CTGpool_0126
3039_11,HeH_UPID_4,CTGpl_051,D01,D01,UDI0004,AAGTCCAA,UDI0004,TACTCATA,2020_124,SMARTer_totRNASeq_CTGpool_0126
1427_99,HeH_5,CTGpl_051,D02,D02,UDI0012,CTCTCGTC,UDI0012,AGGTTATA,2020_124,SMARTer_totRNASeq_CTGpool_0126
5212_10,12_21_1,CTGpl_051,D03,D03,UDI0020,GCACGGAC,UDI0020,TGCGAGAC,2020_124,SMARTer_totRNASeq_CTGpool_0126
2316_98,HeH_20,CTGpl_051,D04,D04,UDI0028,TCCAACGC,UDI0028,AAGTCCAA,2020_124,SMARTer_totRNASeq_CTGpool_0126
4341_05,12_21_7,CTGpl_051,D05,D05,UDI0036,GATTCTGC,UDI0036,CTCTCGTC,2020_124,SMARTer_totRNASeq_CTGpool_0126
2738_05,HeH_UPID_5,CTGpl_051,E01,E01,UDI0005,ATCCACTG,UDI0005,ACGCACCT,2020_124,SMARTer_totRNASeq_CTGpool_0126
1001_96,HeH_6,CTGpl_051,E02,E02,UDI0013,CCAAGTCT,UDI0013,TCATCCTT,2020_124,SMARTer_totRNASeq_CTGpool_0126
4209_12,HeH_13,CTGpl_051,E03,E03,UDI0021,GGTACCTT,UDI0021,GACGTCTT,2020_124,SMARTer_totRNASeq_CTGpool_0126
7110_17,HeH_21,CTGpl_051,E04,E04,UDI0029,CCGTGAAG,UDI0029,ATCCACTG,2020_124,SMARTer_totRNASeq_CTGpool_0126
282_06,12_21_8,CTGpl_051,E05,E05,UDI0037,TCGTAGTG,UDI0037,CCAAGTCT,2020_124,SMARTer_totRNASeq_CTGpool_0126
3782_10,HeH_UPID_6,CTGpl_051,F01,F01,UDI0006,GCTTGTCA,UDI0006,GTATGTTC,2020_124,SMARTer_totRNASeq_CTGpool_0126
1857_11,HeH_7,CTGpl_051,F02,F02,UDI0014,TTGGACTC,UDI0014,CTGCTTCC,2020_124,SMARTer_totRNASeq_CTGpool_0126
6970_11,HeH_14,CTGpl_051,F03,F03,UDI0022,AACGTTCC,UDI0022,AGTACTCC,2020_124,SMARTer_totRNASeq_CTGpool_0126
1700_10,HeH_22,CTGpl_051,F04,F04,UDI0030,TTACAGGA,UDI0030,GCTTGTCA,2020_124,SMARTer_totRNASeq_CTGpool_0126
3269_07,12_21_9,CTGpl_051,F05,F05,UDI0038,CTACGACA,UDI0038,TTGGACTC,2020_124,SMARTer_totRNASeq_CTGpool_0126
5105_08,HeH_UPID_7,CTGpl_051,G01,G01,UDI0007,CAAGCTAG,UDI0007,CGCTATGT,2020_124,SMARTer_totRNASeq_CTGpool_0126
2040_13,HeH_8,CTGpl_051,G02,G02,UDI0015,GGCTTAAG,UDI0015,GGTCACGA,2020_124,SMARTer_totRNASeq_CTGpool_0126
3521_12,HeH_15,CTGpl_051,G03,G03,UDI0023,GCAGAATT,UDI0023,TGGCCGGT,2020_124,SMARTer_totRNASeq_CTGpool_0126
61_01,12_21_2,CTGpl_051,G04,G04,UDI0031,GGCATTCT,UDI0031,CAAGCTAG,2020_124,SMARTer_totRNASeq_CTGpool_0126
2311_08,12_21_10,CTGpl_051,G05,G05,UDI0039,TAAGTGGT,UDI0039,GGCTTAAG,2020_124,SMARTer_totRNASeq_CTGpool_0126
478_00,HeH_1,CTGpl_051,H01,H01,UDI0008,TGGATCGA,UDI0008,TATCGCAC,2020_124,SMARTer_totRNASeq_CTGpool_0126
1305_14,HeH_9,CTGpl_051,H02,H02,UDI0016,AATCCGGA,UDI0016,AACTGTAG,2020_124,SMARTer_totRNASeq_CTGpool_0126
5003_08,HeH_16,CTGpl_051,H03,H03,UDI0024,ATGAGGCC,UDI0024,CAATTAAC,2020_124,SMARTer_totRNASeq_CTGpool_0126
9924_16,12_21_3,CTGpl_051,H04,H04,UDI0032,AATGCCTC,UDI0032,TGGATCGA,2020_124,SMARTer_totRNASeq_CTGpool_0126
960_99,12_21_11,CTGpl_051,H05,H05,UDI0040,CGGACAAC,UDI0040,AATCCGGA,2020_124,SMARTer_totRNASeq_CTGpool_0126
